{
    "version": 1,
    "models": {
        "UserProfile": {
            "name": "UserProfile",
            "fields": {
                "id": {
                    "name": "id",
                    "isArray": false,
                    "type": "ID",
                    "isRequired": true,
                    "attributes": []
                },
                "userId": {
                    "name": "userId",
                    "isArray": false,
                    "type": "String",
                    "isRequired": true,
                    "attributes": []
                },
                "name": {
                    "name": "name",
                    "isArray": false,
                    "type": "String",
                    "isRequired": false,
                    "attributes": []
                },
                "age": {
                    "name": "age",
                    "isArray": false,
                    "type": "Int",
                    "isRequired": false,
                    "attributes": []
                },
                "heightFeet": {
                    "name": "heightFeet",
                    "isArray": false,
                    "type": "Int",
                    "isRequired": false,
                    "attributes": []
                },
                "heightInches": {
                    "name": "heightInches",
                    "isArray": false,
                    "type": "Int",
                    "isRequired": false,
                    "attributes": []
                },
                "weight": {
                    "name": "weight",
                    "isArray": false,
                    "type": "Float",
                    "isRequired": false,
                    "attributes": []
                },
                "fitnessGoals": {
                    "name": "fitnessGoals",
                    "isArray": false,
                    "type": "String",
                    "isRequired": false,
                    "attributes": []
                },
                "activityLevel": {
                    "name": "activityLevel",
                    "isArray": false,
                    "type": "String",
                    "isRequired": false,
                    "attributes": []
                },
                "dietaryRestrictions": {
                    "name": "dietaryRestrictions",
                    "isArray": false,
                    "type": "String",
                    "isRequired": false,
                    "attributes": []
                },
                "createdAt": {
                    "name": "createdAt",
                    "isArray": false,
                    "type": "AWSDateTime",
                    "isRequired": false,
                    "attributes": []
                },
                "updatedAt": {
                    "name": "updatedAt",
                    "isArray": false,
                    "type": "AWSDateTime",
                    "isRequired": false,
                    "attributes": []
                },
                "owner": {
                    "name": "owner",
                    "isArray": false,
                    "type": "String",
                    "isRequired": false,
                    "attributes": []
                }
            },
            "syncable": true,
            "pluralName": "UserProfiles",
            "attributes": [
                {
                    "type": "model",
                    "properties": {}
                },
                {
                    "type": "key",
                    "properties": {
                        "fields": [
                            "id"
                        ]
                    }
                },
                {
                    "type": "auth",
                    "properties": {
                        "rules": [
                            {
                                "provider": "userPools",
                                "ownerField": "owner",
                                "allow": "owner",
                                "identityClaim": "cognito:username",
                                "operations": [
                                    "create",
                                    "update",
                                    "delete",
                                    "read"
                                ]
                            },
                            {
                                "allow": "public",
                                "provider": "apiKey",
                                "operations": [
                                    "create",
                                    "update",
                                    "delete",
                                    "read"
                                ]
                            }
                        ]
                    }
                }
            ],
            "primaryKeyInfo": {
                "isCustomPrimaryKey": false,
                "primaryKeyFieldName": "id",
                "sortKeyFieldNames": []
            }
        },
        "WorkoutLog": {
            "name": "WorkoutLog",
            "fields": {
                "id": {
                    "name": "id",
                    "isArray": false,
                    "type": "ID",
                    "isRequired": true,
                    "attributes": []
                },
                "userId": {
                    "name": "userId",
                    "isArray": false,
                    "type": "String",
                    "isRequired": true,
                    "attributes": []
                },
                "type": {
                    "name": "type",
                    "isArray": false,
                    "type": "String",
                    "isRequired": true,
                    "attributes": []
                },
                "duration": {
                    "name": "duration",
                    "isArray": false,
                    "type": "Int",
                    "isRequired": false,
                    "attributes": []
                },
                "calories": {
                    "name": "calories",
                    "isArray": false,
                    "type": "Int",
                    "isRequired": false,
                    "attributes": []
                },
                "notes": {
                    "name": "notes",
                    "isArray": false,
                    "type": "String",
                    "isRequired": false,
                    "attributes": []
                },
                "exercises": {
                    "name": "exercises",
                    "isArray": false,
                    "type": "String",
                    "isRequired": false,
                    "attributes": []
                },
                "date": {
                    "name": "date",
                    "isArray": false,
                    "type": "AWSDateTime",
                    "isRequired": true,
                    "attributes": []
                },
                "createdAt": {
                    "name": "createdAt",
                    "isArray": false,
                    "type": "AWSDateTime",
                    "isRequired": false,
                    "attributes": []
                },
                "owner": {
                    "name": "owner",
                    "isArray": false,
                    "type": "String",
                    "isRequired": false,
                    "attributes": []
                },
                "updatedAt": {
                    "name": "updatedAt",
                    "isArray": false,
                    "type": "AWSDateTime",
                    "isRequired": false,
                    "attributes": [],
                    "isReadOnly": true
                }
            },
            "syncable": true,
            "pluralName": "WorkoutLogs",
            "attributes": [
                {
                    "type": "model",
                    "properties": {}
                },
                {
                    "type": "key",
                    "properties": {
                        "fields": [
                            "id"
                        ]
                    }
                },
                {
                    "type": "auth",
                    "properties": {
                        "rules": [
                            {
                                "provider": "userPools",
                                "ownerField": "owner",
                                "allow": "owner",
                                "identityClaim": "cognito:username",
                                "operations": [
                                    "create",
                                    "update",
                                    "delete",
                                    "read"
                                ]
                            },
                            {
                                "allow": "public",
                                "provider": "apiKey",
                                "operations": [
                                    "create",
                                    "update",
                                    "delete",
                                    "read"
                                ]
                            }
                        ]
                    }
                }
            ],
            "primaryKeyInfo": {
                "isCustomPrimaryKey": false,
                "primaryKeyFieldName": "id",
                "sortKeyFieldNames": []
            }
        },
        "MealLog": {
            "name": "MealLog",
            "fields": {
                "id": {
                    "name": "id",
                    "isArray": false,
                    "type": "ID",
                    "isRequired": true,
                    "attributes": []
                },
                "userId": {
                    "name": "userId",
                    "isArray": false,
                    "type": "String",
                    "isRequired": true,
                    "attributes": []
                },
                "type": {
                    "name": "type",
                    "isArray": false,
                    "type": "String",
                    "isRequired": true,
                    "attributes": []
                },
                "calories": {
                    "name": "calories",
                    "isArray": false,
                    "type": "Int",
                    "isRequired": false,
                    "attributes": []
                },
                "notes": {
                    "name": "notes",
                    "isArray": false,
                    "type": "String",
                    "isRequired": false,
                    "attributes": []
                },
                "foods": {
                    "name": "foods",
                    "isArray": false,
                    "type": "String",
                    "isRequired": false,
                    "attributes": []
                },
                "date": {
                    "name": "date",
                    "isArray": false,
                    "type": "AWSDateTime",
                    "isRequired": true,
                    "attributes": []
                },
                "createdAt": {
                    "name": "createdAt",
                    "isArray": false,
                    "type": "AWSDateTime",
                    "isRequired": false,
                    "attributes": []
                },
                "owner": {
                    "name": "owner",
                    "isArray": false,
                    "type": "String",
                    "isRequired": false,
                    "attributes": []
                },
                "updatedAt": {
                    "name": "updatedAt",
                    "isArray": false,
                    "type": "AWSDateTime",
                    "isRequired": false,
                    "attributes": [],
                    "isReadOnly": true
                }
            },
            "syncable": true,
            "pluralName": "MealLogs",
            "attributes": [
                {
                    "type": "model",
                    "properties": {}
                },
                {
                    "type": "key",
                    "properties": {
                        "fields": [
                            "id"
                        ]
                    }
                },
                {
                    "type": "auth",
                    "properties": {
                        "rules": [
                            {
                                "provider": "userPools",
                                "ownerField": "owner",
                                "allow": "owner",
                                "identityClaim": "cognito:username",
                                "operations": [
                                    "create",
                                    "update",
                                    "delete",
                                    "read"
                                ]
                            },
                            {
                                "allow": "public",
                                "provider": "apiKey",
                                "operations": [
                                    "create",
                                    "update",
                                    "delete",
                                    "read"
                                ]
                            }
                        ]
                    }
                }
            ],
            "primaryKeyInfo": {
                "isCustomPrimaryKey": false,
                "primaryKeyFieldName": "id",
                "sortKeyFieldNames": []
            }
        }
    },
    "enums": {},
    "nonModels": {}
}